type,accuracy,loss,deep_fool
val,0.9872,0.0020844554551344794,4.313211
test,0.9884,0.0015849809589500493,4.08958
blurred_test,0.6657,0.04068580557517707,nan
