type,accuracy,loss,deep_fool
val,0.8175,0.010433167883753777,0.46365634
test,0.8121,0.010812582528591156,0.46514785
blurred_test,0.3354,0.05414423401355743,nan
