type,accuracy,loss,deep_fool
val,0.9695,0.0036392224758863448,0.55301934
test,0.9739,0.0035487769097089766,0.5328207
blurred_test,0.7265,0.012590981650352478,nan
