type,accuracy,loss,deep_fool
val,0.8129,0.006277710321545601,0.7443947
test,0.8102,0.006419282960891724,0.7339237
blurred_test,0.3699,0.019063598322868348,nan
