type,accuracy,loss,deep_fool
val,0.987,0.002394483457503878,4.0626836
test,0.9886,0.0015651487669939056,3.8587782
blurred_test,0.8429,0.009581356257317384,nan
