type,accuracy,loss,deep_fool
val,0.8404,0.005665151819586754,0.49445498
test,0.8305,0.005798295277357101,0.49119112
blurred_test,0.3428,0.02206174681186676,nan
