type,accuracy,loss,deep_fool
val,0.8343,0.006070003294944763,0.5551581
test,0.8274,0.006223679208755493,0.5517834
blurred_test,0.341,0.020726774156093596,nan
