type,accuracy,loss,deep_fool
val,0.9878,0.000851935514403952,3.5814805
test,0.99,0.0006404450319561718,3.3775563
blurred_test,0.9524,0.0015891088050091638,nan
