type,accuracy,loss,deep_fool
val,0.9793,0.000683057592343539,0
test,0.9829,0.0005400929522409569,0
blurred_test,0.9454,0.0034346620596945286,nan
