type,accuracy,loss,deep_fool
val,0.9902,0.0007281905278537494,1.4924194
test,0.9921,0.0004889499329110206,1.4080491
blurred_test,0.9343,0.002415443085692823,nan
